1,Scarface,Zamorano
2,Oralee,Kornas
3,Chaddie,O'Deoran
4,Rosabella,Pate
5,Misty,O'Fallon
6,Merralee,Boland
7,Tibold,Muris
8,Kelcey,Hukins
9,Gilligan,Fairweather
10,Esmaria,Reeds
11,Neal,Crooke
12,Deanne,Woodhall
13,Vittorio,Hurdidge
14,Lane,Meese
15,Rolando,Blenkhorn
16,Alyce,Fearnehough
17,Francis,Womack
18,Jordon,Bakhrushin
19,Miranda,Hazael
20,Bart,Hinrich
21,Silvana,Regan
22,Vince,Carwithim
23,Cloris,Frawley
24,Ingunna,Mountford
25,Marcille,Lohering
26,Janith,Soames
27,Ignatius,O'Leahy
28,Stormie,Di Claudio
29,Bealle,Morch
30,Raphaela,Kelso
31,Berenice,Nairn
32,Jade,Yusupov
33,Mireielle,Jaqueme
34,Jamal,Jorden
35,Aubrette,Drain
36,Silvain,Kellog
37,Mary,Souley
38,Joelie,Mogg
39,Jean,Hulke
40,Leisha,Deeks
41,Carmel,Crudgington
42,Frank,Hitter
43,Ashely,Moulder
44,Ker,Hugli
45,Pattie,Aisman
46,Uriah,Maypowder
47,Baxy,Cordoba
48,Ignazio,Scarrisbrick
49,Julio,Lever
50,Jecho,Gartell
51,Kellyann,DelaField
52,Alex,McArte
53,Janeen,Chern
54,Dynah,Benediktsson
55,Ara,Mandeville
56,Lanae,Godehard.sf
57,Tailor,MacNeillie
58,Delcine,Derobert
59,Albertina,Joder
60,Clevey,Duignan
61,Jessie,Graddell
62,Dru,Calderonello
63,Avery,Wackly
64,Sascha,Alcide
65,Akim,Minett
66,Ealasaid,Cadogan
67,Joellyn,Backshaw
68,Tades,Guerrieri
69,Alix,Mytton
70,Stepha,Alelsandrovich
71,Rob,Adolfsen
72,Blondie,Sabathe
73,Wiatt,Lindermann
74,Con,Brookbank
75,Cassandry,Bowker
76,Reeva,Arundale
77,Robb,Dunseith
78,Heida,Vince
79,Beverlee,Armatage
80,Kayne,McCleod
81,Luke,Eynon
82,Elfrida,Frostdick
83,Kahaleel,Curless
84,Heddi,Locard
85,Delilah,Rack
86,Kahaleel,Brozsset
87,Sephira,Rizzo
88,Danell,Cafe
89,Donn,Comazzo
90,Virginia,O'Dowgaine
91,Florenza,Joppich
92,Verla,Padson
93,Herman,Coldwell
94,Gordan,Licciardello
95,Renata,Proven
96,Carroll,Thirsk
97,Jerald,Perin
98,Cal,MacMorland
99,Hasheem,Golborn
100,Raphael,Rangall
101,Elyse,Chilton
102,Richard,Cohrs
103,Shayne,Pavis
104,Tiffani,Assante
105,Antoinette,Jeannaud
106,Zack,Henighan
107,Rice,Speedin
108,Onida,Djordjevic
109,Niven,Duggleby
110,Kaye,Farnill
111,Derick,Masson
112,Yetty,Huleatt
113,Mersey,Kless
114,Janek,Pantlin
115,Agosto,Birkby
116,Emelia,Linebarger
117,Kelley,Mathe
118,Latia,Aucoate
119,Saraann,Godmar
120,Caroline,Hansbury
121,Joli,Cozzi
122,Ulises,Bracher
123,Lidia,Cottam
124,Claudian,Zarfati
125,Abagael,Cruise
126,Ulysses,Reece
127,Deidre,Ebbage
128,Shanon,Andrag
129,Ronda,Conyard
130,Boris,Klaussen
131,Garik,Dale
132,Fran,Clemmen
133,Hollyanne,Abelevitz
134,Nikolaos,Flew
135,Alejandrina,Kyllford
136,Aeriel,Castiello
137,Jasmine,Vallentine
138,Mark,Buckler
139,Cynthy,Kingdom
140,Joela,Clericoates
141,Drona,Glantz
142,Joyce,Esome
143,Sal,Trodden
144,Daisie,McCue
145,Ebenezer,Melledy
146,Robenia,Lawton
147,Abe,Slyford
148,Dulcine,Pavis
149,Austina,Strickland
150,Paulette,Tiron
151,Johnathon,Melly
152,Rik,McLane
153,Cesare,Bouch
154,Terese,Foxton
155,Hershel,Lippitt
156,Vevay,Battey
157,Shay,Camblin
158,Maurie,Weldrake
159,Gerianna,Paffot
160,Emera,Spinello
161,Cristiano,Bramo
162,Gladi,MacDonough
163,Gregorius,Adamski
164,Georgy,Eldred
165,Gerda,Rugge
166,Alla,Attenborrow
167,Lyell,Blumson
168,Filip,Corday
169,Dina,Aldhous
170,Margareta,Ells
171,Elfrieda,Penketh
172,Alejandro,Jiruca
173,Willy,Blasik
174,Ravi,Milesop
175,Rozamond,Kopman
176,Arte,Ardy
177,Rusty,Duligal
178,Eada,Sabine
179,Dolores,Pethybridge
180,Elnar,Sidney
181,Sabine,Shatliff
182,Alisun,Zylbermann
183,Cherie,Benham
184,Barbey,Milmith
185,Federica,Duthie
186,Berget,Sapshed
187,Ibbie,Blick
188,Candy,Haliday
189,Westbrook,Downs
190,Ephrayim,Muehle
191,Clarine,Lensch
192,Bellanca,Kyncl
193,Philbert,Ouchterlony
194,Morley,Baudou
195,Torrance,Maffi
196,Court,Lots
197,Myriam,Batterbee
198,Loralie,Dovidian
199,Susanne,Tomblings
200,Webster,Keston
