id,first_name,last_name
1,Rivy,Nehlsen
2,Elli,Best
3,Yanaton,Lawrance
4,Mahala,McIlvoray
5,Margit,Brimilcombe
6,Marlene,Hullock
7,Peria,Hulmes
8,Thorvald,Beton
9,Gabi,Jaspar
10,Sheelagh,Jantzen
11,Carolyne,Doutch
12,Garfield,Vallis
13,Rosa,Menego
14,Berti,Palphreyman
15,Natalina,Cardenosa
16,Gardiner,Blowers
17,Reinaldo,Towey
18,Penn,Flips
19,Chelsy,Pierton
20,Pattie,Badham
21,Gris,Cocklie
22,Melamie,Hebditch
23,Donella,Davitashvili
24,Erskine,Trodden
25,Barbe,Coxwell
26,Reeba,Knaggs
27,Gray,Stanning
28,Marsha,Madders
29,Zechariah,Denniston
30,Greggory,Sesser
31,Almeta,Startin
32,Burgess,Kinahan
33,Culley,Huniwall
34,Ervin,Olrenshaw
35,Alfy,Forrestor
36,Derril,MacTrustie
37,Janelle,Suthren
38,Rinaldo,Ivanenko
39,Avictor,Amoss
40,Jakob,Cumberland
41,Barbaraanne,Ors
42,Tabby,O'Bradain
43,Corbet,Exton
44,Bevvy,Barnaclough
45,Fernandina,Foxhall
46,Roxie,Ibbotson
47,Ronni,Tidbold
48,Maurine,Passingham
49,Gilda,Kalewe
50,Rea,De Malchar
51,Delmore,Allwright
52,Anna-diane,Colliver
53,Guy,Illingsworth
54,Linnea,Brotherhead
55,Aurora,Parnham
56,Shelden,Gathwaite
57,Geri,Scotsbrook
58,Euphemia,Pochet
59,Arlina,Wogdon
60,Jacques,Palin
61,Flore,Lupson
62,Ignatius,Brockwell
63,Glynnis,Sillitoe
64,Kylynn,Goscomb
65,Holly-anne,Verden
66,Emmaline,Ganny
67,Maure,Gianullo
68,Frederic,Bagshawe
69,Rochella,St Leger
70,Wells,Sign
71,Constantin,Cherrie
72,Gail,Carslaw
73,Jarib,Kezor
74,Dotty,Loosely
75,Carine,Henrichsen
76,Huntley,Paggitt
77,Judi,Allwell
78,Silvan,Kenealy
79,Mellisa,Dy
80,Trina,Shipton
81,Salomone,Ingolotti
82,Effie,Penylton
83,Thaxter,Bartlam
84,Nancee,Barrus
85,Myer,Lambrechts
86,Peria,Axton
87,Gilly,Mauditt
88,Betti,De Dei
89,Bennie,Pedrielli
90,Manfred,Saltsberger
91,Cecilio,Beament
92,Marijo,Smolan
93,Michael,Ciardo
94,Sharleen,Heales
95,Anne-marie,Miskimmon
96,Marillin,Fitch
97,Donica,Batrop
98,Tawnya,Brunotti
99,Parnell,Dandy
100,Clayborne,Gertray
101,Jemima,Lesmonde
102,Westbrook,Denis
103,Pierce,Gaines
104,Rahal,Cordell
105,Seana,Stredwick
106,Brandie,Vian
107,Linus,Igo
108,Cordell,Bartusek
109,Melamie,Penny
110,Briant,Seiffert
111,Katharina,Dell Casa
112,Magnum,Simmgen
113,Casi,Lushey
114,Arnoldo,Mussen
115,Olag,Adelman
116,Juieta,Charlon
117,Kessia,Bray
118,Eachelle,Burkman
119,Marius,Dreinan
120,Eileen,Wisbey
121,Violette,Munday
122,Crichton,Dri
123,Everard,Jackes
124,Cornell,Tidbold
125,Edan,Launchbury
126,Phelia,Gregoratti
127,Annice,Easterfield
128,Woody,Meins
129,Isahella,Toms
130,Charo,Grent
131,Grata,Kitney
132,Emyle,Mercey
133,Matt,Merwe
134,Merilee,Tompkiss
135,Maud,Archard
136,Preston,McKinnell
137,Addie,Bruckman
138,Dasha,Lucchi
139,Dianemarie,Thorn
140,Gloriana,Bedbury
141,Bartolemo,Reside
142,Ann-marie,Slograve
143,Heida,Arndt
144,Yevette,Shapcott
145,Birgitta,Storkes
146,Vivianne,Gumm
147,Brynna,Pringell
148,Meridel,Abbis
149,Celestina,Stickler
150,Olenolin,Mullinger
151,Meta,Whatson
152,Eb,Lghan
153,Tildie,Lillicrap
154,Michal,Ranscombe
155,Tiena,Ferber
156,Wenda,James
157,Ysabel,Sammons
158,Alvera,Harkess
159,Waldo,Tarrier
160,Ynes,Battyll
161,Lucias,Vedekhov
162,Karl,Daymont
163,Valerie,Cowthart
164,Chaunce,Elnough
165,Lara,Goranov
166,Norrie,Oehme
167,Roarke,Munehay
168,Roarke,Bacup
169,Matty,Coyte
170,Felicity,Duckels
171,Mikel,Fidell
172,Bartlett,Scotson
173,Noam,Tummond
174,Amaleta,Marriage
175,Nerita,Wood
176,Devland,Thicking
177,Sanders,Dorman
178,Geri,Walley
179,Karalynn,Berthelmot
180,Carlyn,Pharaoh
181,Isis,Annell
182,Elijah,Tumilty
183,Joann,Dimic
184,Dannie,Garritley
185,Konstance,Eayres
186,Marijo,Menere
187,Maurizio,Thonger
188,Bertram,des Remedios
189,Marieann,Faragan
190,Collette,McGifford
191,Sib,Rentz
192,Sybyl,Macewan
193,Marietta,Swanwick
194,Neil,Elnough
195,Brigitte,Spanton
196,Brok,Sickling
197,Leontyne,Gallafant
198,Benetta,Aim
199,Valeria,Gadsdon
200,Nydia,Stack
201,Sybyl,Lulham
202,Chloris,Ping
203,Dixie,MacKimmie
204,Alaine,Maund
205,Coralie,Ratley
206,Gladys,Phare
207,Odie,Jekyll
208,Aile,Loraine
209,Tull,McGillivray
210,Brockie,Paddy
211,Enrico,Keelan
212,Jsandye,Morewood
213,Alvera,Fruchon
214,Micki,Aldie
215,Matty,Ritson
216,Baryram,Fermoy
217,Mechelle,Soloway
218,Emelyne,Yarrall
219,Tremaine,Ferrone
220,Casie,Haugh
221,Erin,Ewen
222,Steffi,Blamire
223,Karim,Eltun
224,Ardelle,Caldaro
225,Umeko,Bagehot
226,Benedetta,Hungerford
227,Anthiathia,Bilby
228,Antonietta,Guirau
229,Prentiss,Zmitrovich
230,Ruggiero,Jordin
231,Xenos,Merwede
232,Pren,Rasper
233,Emili,Laurencot
234,Devondra,Ludron
235,Alyson,Meers
236,Rowena,Huncoot
237,Micheil,Mucklestone
238,Merv,Aimeric
239,Jacquie,Donnison
240,Cori,O' Loughran
241,Fallon,Widdowes
242,Colette,Huegett
243,Sylvia,Eccott
244,Hasty,Bolland
245,Charmian,Lucus
246,Mandi,Boosey
247,Helen-elizabeth,Linnett
248,Konrad,Callington
249,Saidee,Giacomo
250,Rina,Barizeret
251,Davida,Cutchee
252,Blakelee,Rollinshaw
253,Clemmie,Sworn
254,Moria,Morphet
255,Marsh,Ilchenko
256,Madelle,Shevlane
257,Willamina,Di Biaggi
258,Harald,Geekie
259,Kristina,Bosley
260,Beaufort,Holcroft
261,Pren,Boome
262,Emily,Sifflett
263,Rodie,Rihanek
264,Sondra,Gorelli
265,Laryssa,Sturte
266,Normy,Weatherall
267,Redford,Coombes
268,Charmine,Clawe
269,Charis,Yashin
270,Daryn,Presslee
271,Kaile,Toyer
272,Aryn,Clawe
273,Daveta,Bronot
274,Creight,Beavan
275,Jory,Mattusov
276,Earlie,Devine
277,Ysabel,Fulbrook
278,Loralee,Scandrett
279,Sheela,MacConnell
280,Arne,Rodger
281,Lotte,Titmuss
282,Shea,Arnot
283,Donnamarie,Alelsandrovich
284,Suzanna,Easum
285,Leese,Wheildon
286,Luz,McIntee
287,Rafaelita,Bonney
288,Gregoire,Salter
289,Odessa,Ciciotti
290,Sidney,Vallens
291,Glyn,Naptine
292,Reeba,Blowfield
293,Thom,Pugh
294,Ichabod,Chasemoore
295,Benedetto,Labusquiere
296,Constanta,Vasiltsov
297,Adelind,Letty
298,Tommie,Gaddas
299,Ramsay,Ouldcott
300,Mill,Titmuss
301,Rutger,Janovsky
302,Kassie,McGreal
303,Sinclare,Costigan
304,Arlina,Dow
305,Ki,Frentz
306,Emelia,Tripcony
307,Angelique,Janks
308,Dari,Bollom
309,Sheilah,Chittleburgh
310,Karalynn,Braikenridge
311,Hedwig,Dyne
312,Rochella,Pessolt
313,Conrado,Reddish
314,Suzi,Polglase
315,Row,Acheson
316,Kania,Bundy
317,Fayre,Brimicombe
318,Dory,Laneham
319,Devon,Larmor
320,Mick,O' Concannon
321,Nicolea,Verduin
322,Taddeusz,Gosnay
323,Anastassia,Veeler
324,Ingrid,Bermingham
325,Debera,Gallanders
326,Maitilde,Glanfield
327,Marleah,Painten
328,Shane,Sherme
329,Barn,Rayburn
330,Huntlee,Jewel
331,Meaghan,Farfoot
332,Callean,Kirke
333,Mikol,Pinching
334,Dayle,Danter
335,Dex,Cordsen
336,Sunshine,Ettridge
337,Bronnie,Beedie
338,Antons,Zavattiero
339,Lianne,Wilkowski
340,Ethelyn,Helian
341,Tamarra,Finci
342,Gayler,Lude
343,Jeanne,Jovovic
344,Neala,Wegener
345,Nathalia,Honnan
346,Leonardo,Lippitt
347,Birgitta,Lindfors
348,Des,Aingell
349,Damita,Fragino
350,Eldin,Fibbitts
351,Osbert,Huckell
352,Rheta,Wolverson
353,Tom,Bartoli
354,Wendi,Brewitt
355,Dan,Barbara
356,Rubetta,Vasyagin
357,Tedman,Kleisel
358,Carlota,Wasmer
359,Kayne,Hasted
360,Arv,Mepham
361,Gnni,Kilmartin
362,Kathlin,Faucherand
363,Inge,de Grey
364,Brittni,Wimsett
365,Pippy,Basden
366,Brendin,Olenichev
367,Corey,O' Dooley
368,Merilyn,Strowan
369,Shir,MacVean
370,Cathy,Fitzmaurice
371,Zebedee,Glasby
372,Lyssa,Portigall
373,Jordain,Muggach
374,Julio,Moulsdall
375,Mickie,McAnalley
376,Mandie,Pechard
377,Janith,Pachta
378,Frankie,Beaford
379,Hesther,Le Borgne
380,Mayne,Beachem
381,Klarrisa,Lascell
382,Talyah,Loisi
383,Briny,Dyble
384,Barde,De Beauchamp
385,Talia,Pender
386,Diane-marie,Judkin
387,Kylie,Craven
388,Fowler,Maddinon
389,Isahella,Rolingson
390,Albertine,Charrier
391,Albrecht,Kirrage
392,Gradeigh,McMenamie
393,Gothart,McDonand
394,Jenine,Gytesham
395,Cordell,de Guise
396,Stephen,Loseke
397,Maison,McCloughen
398,Clareta,Tithecote
399,Cob,Robillart
400,Cherilyn,Baugh
401,Jillian,Dudman
402,Beth,Fagg
403,Clarence,Hoodspeth
404,Melantha,Haldane
405,Carroll,Jouhan
406,Jeffy,Kleiser
407,Brucie,Derges
408,Adi,Broadbear
409,Marlon,Gallyhaock
410,Vitoria,Latham
411,Lucita,Bustin
412,Aime,Ismead
413,Bax,Thurston
414,Darby,Pacitti
415,Tabbitha,Fransman
416,Freedman,Danes
417,Nelie,Pischof
418,Darsey,Cardinale
419,Jeth,Bowton
420,Marleen,Lambregts
421,Calli,Tewkesberry
422,Sherie,Meeny
423,Pammi,Domanek
424,Sadella,Songhurst
425,Frederigo,Saltsberg
426,Paxton,Ankrett
427,Raine,Keaton
428,Al,Loveless
429,Oralla,Thredder
430,Maxim,Wattam
431,Raffarty,Genney
432,Standford,Greenough
433,Chen,Zealy
434,Lyndel,Ledwidge
435,Meredith,Winsome
436,Melisa,Lere
437,Opalina,Woodwind
438,Ciel,Pitson
439,Tish,Rude
440,Obediah,Hitzschke
441,Tansy,Sheardown
442,Ogden,Jeannot
443,Gaspard,Roelvink
444,Briano,Forrest
445,Clea,Toombs
446,Phylis,Blunsum
447,Martina,Sicely
448,Danyette,Burr
449,Luca,Methley
450,Cullen,Haldane
451,Munmro,Tromans
452,Burt,Brookton
453,Camilla,Maides
454,Erna,Emblen
455,Hastie,Poleykett
456,Kakalina,Seligson
457,Giles,Balbeck
458,Imogene,Gatiss
459,Zaneta,Zarfati
460,Creighton,Dibnah
461,Roseanne,Pancoast
462,Raddy,Shortcliffe
463,Penelopa,Linnemann
464,Guinna,Creffeild
465,Veronique,Stinton
466,Richmond,Hackin
467,Keir,Muldowney
468,Inglebert,Risson
469,Tulley,Lukasen
470,Raleigh,Erdes
471,Wolf,Nunnery
472,Beitris,Filkin
473,Miquela,Rousby
474,Jodi,Berndtssen
475,Jemmy,Rakestraw
476,Frank,Blaber
477,Jillayne,Osgar
478,Murial,Olland
479,Stormie,Oggers
480,Silvia,Egginson
481,Nicol,Drewett
482,Aeriel,Kirsch
483,Peder,Addicott
484,Sutherland,Batisse
485,Lorant,Dagworthy
486,Roberto,Hutfield
487,Yalonda,Shortall
488,Rossie,Hoffner
489,Lishe,Cheltnam
490,Kenny,Middlehurst
491,Erminia,Pudding
492,Malena,Verrall
493,Dori,Corain
494,Babbie,Halliwell
495,Serge,Sowrey
496,Kellen,Scarasbrick
497,Erinna,Schubuser
498,Eugenie,Gubbins
499,Nannie,Stonard
500,Eba,Handley
501,Roberta,Kiefer
502,Suzette,Swett
503,Duke,Flooks
504,Rici,Blonfield
505,Wynnie,Parrin
506,Frederigo,Balle
507,Blanche,Ivakin
508,Estrella,St. Aubyn
509,Daphna,Gagan
510,Tish,Brookwell
511,Garv,Chatelot
512,Vivyanne,Bilofsky
513,Hakim,Balfour
514,Tiertza,De Hooch
515,Andros,Streight
516,Lea,Kumaar
517,Kelsey,Jephcott
518,Franklyn,Honacker
519,Willi,McCurtain
520,Tony,Bryers
521,Adora,Charsley
522,Josie,Chadwen
523,Bernadette,Pariso
524,Noami,Thomasen
525,Melody,Bradden
526,Roldan,Mawford
527,Archaimbaud,McCarney
528,Ethelind,Guild
529,Corby,Klimp
530,Emyle,D'Elia
531,Louise,Zienkiewicz
532,Mahalia,Peele
533,Shell,Robker
534,Elisha,Gatsby
535,Milton,Duffit
536,Brita,Aslin
537,Ag,Nani
538,Hoyt,Lackinton
539,Cloe,Sinnie
540,Nat,Jakoviljevic
541,Kingsley,Banbury
542,Rois,Chevins
543,Felic,Jammes
544,Chrissie,Aveyard
545,Geralda,Westwater
546,Linnie,Mathiassen
547,Bessie,McGinley
548,Pebrook,Losano
549,Lauritz,Gregorin
550,Dayna,Rosenzwig
551,Shayna,Advani
552,Gerrilee,Gerran
553,Thomas,Pregal
554,Maria,Gumbley
555,Linet,Frift
556,Marcel,Stathers
557,Jazmin,Broadis
558,Maurizio,Schmuhl
559,Cristobal,Tann
560,Franky,Nisuis
561,Rockey,McErlaine
562,Thorny,Bentke
563,Milton,Lidell
564,Cleo,Ding
565,Jackelyn,Ackroyd
566,Lynnea,Cringle
567,Georgianna,Vasilchikov
568,Tabina,Lapthorn
569,Sybyl,McGarva
570,Avictor,Tregenna
571,Lamar,Ribbens
572,Deb,McJury
573,Ashlen,Wallicker
574,Jasper,Seegar
575,Gabie,Robertot
576,Scotty,O' Byrne
577,Errick,Scarrisbrick
578,Creigh,McKinnon
579,Eric,Tire
580,Caren,Coom
581,Phillipp,Fosse
582,William,Sacks
583,Adel,Sneden
584,Carmencita,Kingdon
585,Selene,Rigg
586,Toinette,Earwicker
587,Flora,Critchard
588,Hogan,Willman
589,Berkeley,Bruty
590,Claiborn,Kelemen
591,Malachi,Glaysher
592,Corly,Schneidar
593,Lanny,Snoddy
594,Marquita,Warrier
595,Vincents,Garrique
596,Dorthea,Hark
597,Koralle,Ludgrove
598,Edgard,England
599,Rustin,Prator
600,Valentine,Pickin
601,Manda,Le Frank
602,Fina,Castagna
603,Gaultiero,Tumayan
604,Fairlie,Redsull
605,Suellen,Bucklan
606,Constantino,Kretchmer
607,Sophey,Dennison
608,Paxon,Ferreira
609,Torrence,Jopke
610,Cordy,Garham
611,Cherilynn,Caughte
612,Cinnamon,Patullo
613,Iver,Battyll
614,Myrta,Woollons
615,Dionysus,Golden
616,Car,Airey
617,Georgeanna,Coltman
618,Ashlee,Mougin
619,Mellisent,Von Salzberg
620,Cornall,Dalinder
621,Novelia,Pledge
622,Illa,Chucks
623,Elana,Pickhaver
624,Jannel,Ghio
625,Werner,Mearing
626,Dorey,Odde
627,Ingram,Searsby
628,Yorke,Heritege
629,Kristopher,Syversen
630,Tressa,Fairham
631,Philis,Labrenz
632,Gretal,Bollins
633,Claire,Aronstam
634,Gilbertina,Rosenschein
635,Cirstoforo,Greenwood
636,Othella,Bonnyson
637,Tasha,Brookson
638,Ingemar,Chowne
639,Faun,Dacre
640,Onofredo,Edrich
641,Mureil,Kelf
642,Kip,Wasmuth
643,Olivie,Colwell
644,Galven,Morais
645,Lesli,Odger
646,Kakalina,Blissitt
647,Peggi,Tardiff
648,Josee,Endon
649,Lawton,Meeking
650,Emlynne,Kubin
651,Selina,Jacobson
652,Maia,Jaimez
653,Vida,Porkiss
654,Ann,Silman
655,Wayland,Kibblewhite
656,Tillie,McIlvenny
657,Roslyn,Naton
658,Jacquetta,Rustadge
659,Barby,Anear
660,Ula,Torresi
661,Maxi,MacLardie
662,Nixie,Squires
663,Alix,McCleary
664,Mariel,Jarmaine
665,Wittie,Sedcole
666,Maisie,Brownlie
667,Sibley,Hobbert
668,Mandi,Muirden
669,Ashia,Chartman
670,Basia,Ugoletti
671,Winnie,Stanborough
672,Jarib,Mattson
673,Amalee,Castagnet
674,Carolynn,Normanville
675,Linet,Alvarado
676,Marika,Bollins
677,Arnold,Kiezler
678,Ferdinanda,Leeke
679,Jacinta,Munroe
680,Roman,Sayre
681,Farra,MacFadin
682,Brina,Jakubovicz
683,Mayne,Jannex
684,Roman,Laybourn
685,Kimbra,Manthorpe
686,Natassia,Currao
687,Lyndsey,Rubra
688,Minni,Dinkin
689,Zarla,Melesk
690,Morse,Kach
691,Annissa,Housbie
692,Delphine,Richly
693,Ward,Swainston
694,Nelie,Atwool
695,Marcy,Zecchi
696,Shanna,O'Rourke
697,Sully,Eva
698,Noble,Sciusscietto
699,Winslow,Anten
700,Tanny,Eskell
701,Helga,Alcoran
702,Desmond,Cariss
703,Beverlie,Conduit
704,Earl,Renyard
705,Loren,Gilbert
706,Leann,Gehringer
707,Engelbert,Biasioni
708,Tildie,Pimblott
709,Lemmy,Posselwhite
710,Rudie,Paice
711,Abbe,Extall
712,Mace,Lawty
713,Gauthier,Zambon
714,Jana,Aguilar
715,Stanislas,Burdfield
716,Kikelia,Mapes
717,Jerald,McJury
718,Genevra,Mitchiner
719,Danielle,Bread
720,Deva,Gentry
721,Chere,Vodden
722,Powell,Malam
723,Tremayne,Labrum
724,Courtney,Langfitt
725,Amata,MacKnocker
726,Zebedee,Smurthwaite
727,Lorelei,Fermer
728,Blinni,Ritmeier
729,Tiffie,Jedras
730,Sawyere,Aujouanet
731,Ulrika,Braisby
732,Heidie,Casini
733,Elly,Meach
734,Annis,Adrian
735,Marcelline,McVaugh
736,Andreas,Ponten
737,Gillie,Haggarty
738,Bart,Tesauro
739,Ingaborg,Jenoure
740,Thorpe,Wiper
741,Dynah,Giffen
742,Gwen,Chattaway
743,Lionel,Phelip
744,Lee,Flint
745,Cleveland,Bentote
746,Dex,Pears
747,Helyn,Belsey
748,Zarah,Gronav
749,Aleen,Goodacre
750,Arie,Doubrava
751,Kelby,Clappison
752,Steffane,Delacroix
753,De,Sesser
754,Pauletta,Dowsing
755,Ed,Sheard
756,Jacquelyn,James
757,Dory,Wigglesworth
758,Merle,Clail
759,Fraser,Grzeskowski
760,Ev,Stoddart
761,Myrtice,Maudsley
762,Cassandry,Pengelley
763,Carny,Regglar
764,Eddie,Gouck
765,Brett,Causbey
766,Ardenia,Carayol
767,Wynnie,Oxtoby
768,Joshia,Napoleon
769,Maisey,Van der Son
770,Daphene,Lewisham
771,Sarene,Patrie
772,Riki,Hames
773,Harlan,Iozefovich
774,Vevay,Edgecombe
775,Rubi,Sidry
776,Stanly,Krug
777,Danella,McWhin
778,Brandie,Burgen
779,Arleyne,Law
780,Libbi,Callaghan
781,Mignon,Biasioni
782,Kristoforo,Steptow
783,Van,Ragge
784,Othello,Emes
785,Adela,Luxton
786,Rourke,Patten
787,Kordula,Cradey
788,Gilli,Streets
789,Gerrie,Thalmann
790,Malachi,Pettegre
791,Guenna,Bartusek
792,Friedrick,McGuiney
793,Gerome,Goodman
794,Henri,Goadsby
795,Devi,Vasilischev
796,Griselda,Plan
797,Goldia,Garie
798,Radcliffe,Varty
799,Bessie,Wyburn
800,Rosalinde,Thrussell
801,Lavina,Ghidotti
802,Marina,Selwin
803,Silvio,Patshull
804,Wainwright,Telezhkin
805,Truda,Flips
806,Abagail,Culbert
807,Bent,MacPeice
808,Rochester,Quiddington
809,Eliot,Calverley
810,Hope,Jovasevic
811,Ambros,Kemshell
812,Ephraim,Scarr
813,Nara,Dyment
814,Toma,Rowan
815,Carlene,Peacher
816,Tucky,Muxworthy
817,Kelwin,Reolfo
818,Lucie,Roswarn
819,Jacob,Robbert
820,Giacobo,Longmate
821,Kattie,Pentycost
822,Nichol,Longdon
823,Robinson,Bridgewater
824,Rurik,Amphlett
825,Cris,Rawstorne
826,Tarrance,Brimm
827,Tomasine,McGiff
828,Lorne,Szymonwicz
829,Belle,Smurthwaite
830,Zea,Angel
831,Remy,Pidler
832,Erminie,Pascoe
833,Lyndsay,Sybe
834,Kellina,Ternent
835,Nollie,Knuckles
836,Maryjane,Signoret
837,Arlyne,Wroath
838,Bobette,Orable
839,Wrennie,Haseldine
840,Moyra,Tynewell
841,Tristam,Juste
842,Gui,Dunbabin
843,Dante,McDyer
844,Tierney,De Domenici
845,Rees,Braithwait
846,Carlen,Glas
847,Wat,Wedgbrow
848,Marjy,Castiglioni
849,Mychal,Aymeric
850,Jade,Martignoni
851,Marinna,Curran
852,Jocelyne,Tuckerman
853,Fletcher,Gregson
854,Betsy,Rosengren
855,Thibaut,Haylands
856,Rochette,Feetham
857,Granville,Trevear
858,Retha,Malin
859,Alphonse,Williams
860,Malynda,Cutchie
861,Desi,Flucks
862,Mano,Dudgeon
863,Pasquale,Dickerline
864,Orsola,Howen
865,Melessa,Meeson
866,Mozelle,Longson
867,Gail,Rankcom
868,Maegan,Clogg
869,Philis,Pautard
870,Nataline,Martland
871,Allis,Welsh
872,Borden,Langlois
873,Langsdon,Lenahan
874,Archambault,Lasslett
875,Cecelia,Hiseman
876,Annetta,Hairsine
877,Brandtr,Mongin
878,Tedmund,Adnams
879,Marcille,Orviss
880,Ailene,Alekseicik
881,Brianna,Mathivon
882,Samaria,Woollin
883,Alanna,Saffran
884,Julietta,Bransdon
885,Sascha,Pounsett
886,Giselle,Hodges
887,Ruperto,Mardell
888,Ellette,Conford
889,Mindy,Esslement
890,Celle,Haycraft
891,Casi,Albiston
892,Engracia,McGuinness
893,Husain,Hinchon
894,Franklyn,Perello
895,Ashlie,Dolby
896,Sheffield,Devinn
897,Cecilia,Whitmarsh
898,Ashli,Chiddy
899,Averil,Van der Kruijs
900,George,Amy
901,Drucy,Tuddall
902,Bale,McLoney
903,Jameson,Gerred
904,Zaria,Johnson
905,Willabella,Georghiou
906,Latrina,Covet
907,Ingmar,Dennehy
908,Heida,Anslow
909,Hillary,Carlon
910,Otha,Eate
911,Cloe,Carcas
912,Vlad,Braundt
913,Rafael,Arnell
914,Jimmy,Mancer
915,Susanne,Dundon
916,Aldridge,McAvey
917,Jemima,Behning
918,Sibyl,Bleibaum
919,Benoit,Liddiard
920,Christy,Dulake
921,Bryce,Dunklee
922,Tod,McGillivrie
923,Hansiain,Twiname
924,Lynde,Durant
925,Patricio,Moakler
926,Connie,Winskill
927,Field,Outright
928,Maurise,Seedhouse
929,Venita,Searston
930,Ozzie,Domnick
931,Kendell,Francescotti
932,Sophia,MacCallion
933,Maxie,Tyres
934,Pauletta,Gallegos
935,Ceil,Jeays
936,Harv,Abrahmer
937,Corabelle,Eustace
938,Gretal,Sayward
939,Murry,Owttrim
940,Burg,Benedicto
941,Fairlie,Dumphry
942,Danika,Saurin
943,Sharia,Edghinn
944,Gae,McClaren
945,Meaghan,Jorgensen
946,Kennie,Treffry
947,Elsbeth,O' Hanvey
948,Luther,Feldstern
949,Warden,Butcher
950,Torin,Arkell
951,Napoleon,Coburn
952,Meyer,Greenly
953,Joela,Faulkener
954,Zahara,Wycliff
955,Loria,Fettis
956,Eadmund,Aires
957,Guinevere,Duling
958,Ilise,Kiddell
959,Devi,Eastwell
960,Berty,Clearie
961,Robbyn,Lambregts
962,Willy,Vasechkin
963,Dirk,Delany
964,Feodor,Barnaclough
965,Philippe,Girardey
966,Cyrillus,Shelmerdine
967,Mortie,Bibb
968,Micheil,Bawcock
969,Alfredo,Kentish
970,Bambie,Genty
971,Richy,Spight
972,Rica,Gurg
973,Evered,Malser
974,Dani,Townend
975,Giralda,Kuscha
976,Antonietta,Elmes
977,Cindie,Everix
978,Gasparo,Desquesnes
979,Pru,Petrelluzzi
980,Logan,Woollard
981,Elianore,Boyles
982,Paige,Flippen
983,Bryce,Ambrozewicz
984,Leena,Lantuff
985,Maurizia,Scurry
986,Mallory,O'Moylan
987,Free,Roussel
988,Ileane,Farra
989,Pansy,Kilius
990,Claudette,Loomes
991,Saundra,Woolmore
992,Jany,Zack
993,Anton,Garz
994,Loy,Harmeston
995,Bambi,Bartoli
996,Lief,Boothman
997,Sherrie,Kalker
998,Leodora,Ascough
999,Faye,Nockles
1000,Lutero,Yirrell
